nombre_usuario,correo_usuario,telefono
mariagonzalez,mariagonzalez@gmail.com,+51911234567
carlosrodriguez,carlos.rodriguez@hotmail.com,+51922345678
analopez85,analopez85@yahoo.com,+51933456789
juanperez,jperez@outlook.com,+51944567890
lauramartinez,lmartinez@gmail.com,+51955678901
davidgarcia,dgarcia90@gmail.com,+51966789012
sofiaruiz,sruiz@yahoo.es,+51977890123
alejandrodiaz,adiaz@hotmail.com,+51988901234
isabelsanchez,isanchez@gmail.com,+51999012345
pablofernadez,pfernandez@outlook.com,+51910123456
carmenhernandez,chernandez@gmail.com,+51921234567
robertojimenez,rjimenez@yahoo.es,+51932345678
luciatorres,ltorres85@gmail.com,+51943456789
miguelmoreno,mmoreno@hotmail.com,+51954567890
patricianavarro,pnavarro@gmail.com,+51965678901
albertoromero,aromero@yahoo.com,+51976789012
cristinaortiz,cortiz@gmail.com,+51987890123
franciscoruiz,fruiz90@hotmail.com,+51998901234
elenaramos,eramos@gmail.com,+51909012345
victormorales,vmorales@yahoo.es,+51920123456
beatrizcastro,bcastro@gmail.com,+51931234567
raulmolina,rmolina@outlook.com,+51942345678
martaserrano,mserrano85@gmail.com,+51953456789
danielortega,dortega@hotmail.com,+51964567890
silviacruz,scruz@yahoo.com,+51975678901
andresgomez,agomez90@gmail.com,+51986789012
nataliavega,nvega@hotmail.com,+51997890123
josemendoza,jmendoza@gmail.com,+51908901234
claudiaduran,cduran@yahoo.es,+51919012345
emiliovargas,evargas@gmail.com,+51930123456
fernandorivera,frivera@outlook.com,+51941234567
luisgomez,lgomez@gmail.com,+51952345678
isabellopez,ilopez@yahoo.es,+51963456789
juanpablojimenez,jpjimenez@hotmail.com,+51974567890
carlospalacios,cpalacios@gmail.com,+51985678901
